<?xml version="1.0" encoding="UTF-8"?>
<project-private xmlns="http://www.netbeans.org/ns/project-private/1">
    <editor-bookmarks xmlns="http://www.netbeans.org/ns/editor-bookmarks/2" lastBookmarkId="0"/>
    <open-files xmlns="http://www.netbeans.org/ns/projectui-open-files/2">
        <group>
            <file>file:/C:/Users/sarah%20ortiz/Documents/NetBeansProjects/MovieRecommender/src/movierecommender/SlopeOne.java</file>
            <file>file:/C:/Users/sarah%20ortiz/Documents/NetBeansProjects/MovieRecommender/src/movierecommender/Movies.java</file>
            <file>file:/C:/Users/sarah%20ortiz/Documents/NetBeansProjects/MovieRecommender/src/movierecommender/MRPanel.java</file>
            <file>file:/C:/Users/sarah%20ortiz/Documents/NetBeansProjects/MovieRecommender/src/movierecommender/MRDialog.java</file>
            <file>file:/C:/Users/sarah%20ortiz/Documents/NetBeansProjects/MovieRecommender/src/movierecommender/MovieRecommender.java</file>
            <file>file:/C:/Users/sarah%20ortiz/Documents/NetBeansProjects/MovieRecommender/src/movierecommender/UserRatings.java</file>
        </group>
    </open-files>
</project-private>
